easting,northing,cluster_density_level
685556.2026672206,849538.3376693216,1
791336.0323516306,838606.6025419084,0
795837.7836098644,797604.8029007361,0
718234.6020458295,846979.7134972685,1
694516.7830571356,858222.9549919431,1
740282.2686976796,814299.4370618212,0
671670.2432184449,770011.375583345,2
689534.5822152222,853565.8132559478,1
787576.3046191675,831305.0392248161,1
749345.6345274344,829986.8109940946,1
714601.1977434075,795446.7203127688,0
693714.7141899839,854875.2686871097,1
760369.8525978876,843571.5396199232,1
758782.5941671258,848134.1526199047,1
772977.4730120201,819278.2322883738,1
698269.0526756437,802693.955740046,1
667982.7291517083,794547.775430881,0
754938.9472738212,849426.2157874651,1
735882.5171402352,862121.4458490836,1
778706.3532936827,824067.7488766764,1
714592.7838392422,849861.3556380911,1
658647.8910772867,784213.8669393061,-1
700235.3821623349,809389.8518116854,1
698253.7038299347,853533.7873250186,1
756642.9559631656,824115.2801728431,1
674726.787163303,783888.919535369,0
719303.7553074319,753068.999309734,1
689721.4417277045,867173.0464262457,1
708094.6286142406,815651.3001261818,0
696553.2149400703,804174.0949876866,1
707492.4590968579,817627.0297769367,0
728264.2184017935,804875.734686589,-1
769046.4347102523,827111.0276860524,2
748840.798358991,826144.8944468423,1
697185.1137762365,809461.7973449492,1
781456.9186714115,813863.9181172961,1
713643.9797393756,773046.3817559059,1
743704.5542029672,857056.2139459291,0
723183.7192166591,853675.8343694966,1
768653.5935847241,829164.953973647,1
689127.6228889688,853565.4893400102,1
693454.1932979547,849184.1798217198,1
773022.3859324811,835725.6181221427,0
755755.6568031164,825072.0274984639,1
731832.6252422987,731506.4914412625,0
720539.1736814631,846542.913328993,1
736505.0108719601,739138.0038999446,0
677380.7977072458,767405.534935041,1
725454.4738460993,769560.0171639029,1
681631.77917685,850496.0021527902,1
763855.0721881367,827041.0714702721,1
693714.7141899839,854875.2686871097,1
754399.50782971,818822.5019731227,1
765805.2768439394,840870.7166865682,1
720535.7994761309,849564.5682764521,1
706343.2603357357,802892.0304445843,1
706241.7303558012,804793.503743721,1
629179.4313793735,789962.4189877069,-1
750220.2476997356,726034.3841178593,-1
740914.4921593494,822941.838815192,1
726701.2897121385,741027.7266801536,0
728009.9280035065,761232.8662476983,0
673552.4421499398,769275.3252562472,1
792416.6683995286,813022.3881492509,0
760369.8525978876,843571.5396199232,1
778854.2675248615,809433.296236659,1
695751.236048908,814339.533987715,1
777335.1197840944,828178.4150643606,1
687392.6989661279,854973.6505116703,1
774465.3204103509,835778.4679263388,0
741214.4011491548,826908.6165367154,1
694528.2408125922,802218.5749850465,1
703602.9566121974,783471.5122425295,0
697847.7401342745,853772.8564973748,1
670851.504143126,770483.8396298983,2
699271.2894620242,863160.9845184257,1
769858.8976780245,824388.8171362387,1
760988.9528272303,828345.1239709114,1
746314.1325943971,819855.0797934094,1
778021.920990616,849778.0828540372,0
718873.9956510027,754216.6278309433,1
766368.4519019097,822267.5287694806,1
766182.8267712198,865216.2622977545,1
761239.8582637769,865853.9305162417,1
687392.6989661279,854973.6505116703,1
765599.3615317313,815182.3896584312,1
760698.350246482,863186.6582437131,1
754499.7907509451,865395.2214616562,0
694833.4864484078,848890.0054797238,1
782072.9554056206,825940.6643380722,1
750546.9701309846,827440.6258764102,1
675435.1217317943,858818.7938789525,-1
703614.2103980558,781553.2318687183,0
698082.0854457424,819415.4245203531,0
767805.1695687575,819918.1305373994,1
765599.3615317313,815182.3896584312,1
741930.5542447997,828958.5187958098,1
753902.0556387699,816688.384755017,1
697569.707013914,799900.8987828853,1
720060.3721316674,772035.9951437459,2
759440.706786191,815111.941932829,1
757594.9560222947,827019.3303094992,1
754437.8822715697,830133.4145930592,1
697008.856216202,849830.4193255944,1
771918.2630021367,825081.5846384589,1
747964.6757919315,862689.445357256,0
757408.609087837,828465.5300638297,1
677758.661602524,794610.4176290076,0
688280.9065352475,863614.9339383206,1
697281.6624831724,862972.6848160926,1
764999.4893180291,852070.6615052475,1
694355.4398487329,845034.3714045759,1
693308.7675052909,846733.6865210148,1
684893.8708593406,863101.657757611,1
718201.5522874634,844558.2285070539,1
792416.6683995286,813022.3881492509,0
699093.1172802239,805839.6329111218,1
785641.0913710104,829717.7728910791,1
765470.307604978,829594.8967952061,1
762709.9751869316,838731.0129586746,1
720059.6255159795,772098.5146632475,2
697900.3398170946,863284.5656649634,1
706599.5660384046,726648.7902410914,0
754059.3307262053,830027.289083672,1
707093.9094028859,790535.0121454842,0
760369.8525978876,843571.5396199232,1
729965.5642521221,725812.1012041213,0
691650.6841337021,803996.0478567882,1
694594.698969189,813609.7542524859,1
720059.6255159795,772098.5146632475,2
792566.5800552061,822395.9713427471,1
715782.4699704348,849683.4715697356,1
778714.5249514643,811299.7981704616,1
701341.1780960927,863600.1330718404,1
730288.3282234278,832231.0170828351,0
766674.3034217701,825116.4116608958,1
736578.3254263101,847856.7500673004,1
724714.8699722181,781724.0660783971,0
723614.6069687904,745173.6515052664,0
703757.0268220195,864146.6668932562,1
720059.6255159795,772098.5146632475,2
788293.7670174837,825239.4252377151,1
770373.5099932436,826562.9419706312,2
788450.6798278543,845287.4465376972,0
774305.4187323028,821087.9677468992,1
718050.9510528764,767765.3662905971,1
792007.7942304147,830610.9729678731,1
737667.1529798292,824404.9191557062,1
675488.052024069,785642.1487565517,0
709773.3613535234,838639.9792036574,-1
718676.9326320959,725935.5211562881,0
771653.6617207822,819873.767195312,1
771012.1537126125,763624.7999235395,-1
765772.5017550244,823164.6477493851,1
746778.8029693147,823644.5567800549,1
770373.5099932436,826562.9419706312,2
734462.4827822582,830416.615180773,1
699271.2894620242,863160.9845184257,1
670860.878805972,770489.3254680086,2
749302.493737805,836199.0642537931,1
765772.5017550244,823164.6477493851,1
744157.1688848808,827522.6486003094,1
702449.0215696114,869754.4206402021,0
736540.5049651683,849157.6919432514,1
735571.7505392913,824354.258630266,1
687922.6593502691,807012.4166771707,1
694092.1377821654,808922.3308312587,1
744166.8665406866,833584.077886677,1
760947.2186873129,828287.974821031,1
684130.0976022115,849938.3311642025,1
677297.7547628729,794694.2749641186,0
717637.8976583829,849002.2848621535,1
696618.6848575464,813780.840791671,1
702906.690318237,807458.4590179654,1
760988.894919776,828368.2109601367,1
694861.2565317331,851714.3949251485,1
721291.7719650903,725978.0257246569,0
738412.1045388263,863307.6762402419,1
696260.5445321595,852970.8923354194,1
712268.2319871353,871774.3315901115,0
694485.5424195521,845017.2453563424,1
689089.7238207042,842665.1282387305,1
737110.2359037882,738616.4598435933,0
720052.7462867711,842910.3158338007,1
671419.5758818752,770056.4781228139,2
696289.799083114,814190.9873537704,1
718024.6004120386,761469.3692554635,0
737627.6826442227,831417.8416791437,1
712021.7636252159,774232.9924789855,1
785933.8012106407,867727.4222376922,-1
735493.2505943706,847862.8210485659,1
689916.4197106941,879602.254698583,-1
791220.4578702991,796830.3652760235,0
779502.8679725103,803377.4403177236,0
724188.9491096544,851352.3217350446,1
740804.7712058473,828271.6848688995,1
761312.6564145052,854540.7752024126,1
780619.3668866244,823972.9929131388,1
754341.8234226351,834325.8303356654,1
779502.8679725103,803377.4403177236,0
771476.1982217648,825469.508332826,1
712712.2372858659,775245.2661296864,1
737884.4490588261,813698.4726044303,0
773414.3540229963,823542.205888109,1
706243.6197248572,876587.2833505669,0
727671.3732683674,762959.6778331059,0
784132.3738573885,810254.2023196159,1
678876.4961088847,767018.5051652046,0
793557.8378380499,791428.6577648058,0
721984.1147690521,772870.0245568927,1
570740.2264427893,867363.7324437223,-1
712712.2372858659,775245.2661296864,1
740008.5913028392,862120.6731802305,1
722013.3568211625,772870.3479963318,1
728868.1994007853,869605.3497894002,-1
784132.3738573885,810254.2023196159,1
695896.2654603381,809583.6077855291,1
725523.5553876067,771603.2140430823,1
718913.4992995994,843311.1268060642,1
765415.212559848,869259.2112409055,1
721863.3429287031,773678.8501452861,1
777189.0809618457,811834.7815060619,1
754516.9972144259,827881.5162902975,1
780892.3436349555,868680.0717929777,-1
794314.8315701011,869601.6350445669,-1
761748.2202358124,852016.3577921663,1
675416.4716701717,839523.5492480083,0
686966.7744609782,869933.6179328933,0
690537.7977272691,847567.9339894055,1
704951.8880719652,730909.2531848991,0
748743.8724602762,822494.5749008349,1
790188.6079008435,826728.3102967261,1
769651.5664924915,827276.5808775668,2
683315.9698533163,797244.3264048442,0
705536.1206985979,860295.3920634006,1
761748.2202358124,852016.3577921663,1
681717.1916525408,836886.1454538977,0
752162.1580263991,828360.2862263881,1
784934.3848712528,824660.9638072709,1
700069.8495093028,833701.5343376391,-1
761220.1481200366,812139.0217473,1
749790.2326927453,820039.221419748,1
712386.8411695242,726265.7032877775,0
790218.5326253376,826481.1136349142,1
692455.1947152265,861005.2209794447,1
749790.2326927453,820039.221419748,1
786674.281264767,852229.543592256,-1
698527.4282702025,808834.6328434082,1
688995.5620122958,847567.6606494505,1
722675.1605806273,854239.588784755,1
705923.6634247905,806948.47122031,1
768342.1114965678,831624.0970787928,1
794717.833573312,807094.0999771183,0
701231.3568390715,792695.8445418573,0
716356.1516151654,779713.5692592968,1
689534.5822152222,853565.8132559478,1
769961.6424172728,827026.4916141563,2
701231.3568390715,792695.8445418573,0
694364.9809083624,852802.440715582,1
723642.5417995502,726839.4761753015,0
683104.5811763456,837097.1241994071,0
771121.1998610044,825819.8876300526,1
671264.0407602714,770874.0848585641,2
693001.8365832106,845967.99499443,1
710885.946932975,775244.8076809744,1
740509.2694601748,825834.8388876129,1
718871.4273510968,776441.1529214064,1
762270.625749326,841863.6384942894,1
703530.529268192,856468.3827837004,1
788493.2344681894,807109.4383833525,1
770018.5023497908,826912.5438932391,2
787916.8957883299,808110.1798461294,1
708018.4479000438,804464.2747344545,1
685015.8296856781,885431.2845651507,-1
690591.5401871593,818973.3560761304,0
688435.7896016205,789713.5394175353,0
781394.4893025918,819902.3341408367,1
658662.3892557481,784202.359735965,-1
703530.529268192,856468.3827837004,1
719826.243078733,749361.5346673753,1
746098.07277776,821091.2062607835,1
705132.0822677738,864291.3357924152,1
757167.6129900634,824077.8401100507,1
697402.9243330058,813100.926743742,1
715417.8034067401,807635.5963385088,0
706828.3033275709,784306.3293589724,0
704703.8803527128,841074.4168777367,-1
720509.5146030944,804586.6596938515,0
780618.9216162198,769706.9523019708,-1
671725.5833223885,769948.2314786506,2
674634.4312113347,789588.2558967405,0
797024.9226090958,784902.5638403726,0
694348.3304964625,863612.8872537533,1
795814.1025012026,790323.5579973266,0
697281.0085653941,861617.3048310379,1
707635.4549220499,803975.0685058825,1
689216.0897555044,846754.4826831216,1
664746.0605243316,842740.5589157256,-1
726460.0309280211,762144.1013217204,0
711296.957709161,774235.0364693436,1
756468.6592677407,860225.9178074177,0
770018.5023497908,826912.5438932391,2
718441.4354466639,849513.3722278911,1
733332.508171182,849781.2758237092,1
791334.84025018,799616.49368858,0
718396.2928201086,747716.6149306901,1
767980.4840699857,806165.8036444185,0
687583.3607338277,861844.5081899471,1
698610.5325727155,865462.8388936382,1
761071.6215947309,830796.5987792956,1
688640.3579066737,803950.3983431957,1
694861.2565317331,851714.3949251485,1
717833.776170368,749661.917762987,1
744055.6452002192,864651.1808786889,1
779586.6440717793,831846.4807054639,1
777085.4321454377,843845.4581012509,0
691099.2004861942,809781.4547146084,1
715464.6156011659,846979.2445662775,1
699308.8374365094,859975.3375642904,1
716226.1265189092,761052.3585694456,0
716114.5674477802,851302.4828008073,1
713800.4775298772,865690.8078618036,0
744166.8665406866,833584.077886677,1
742529.3085634502,835512.064224268,1
