easting,northing,cluster_density_level
780014.5701828271,835825.9840005932,1
671460.5141293806,790746.8271254644,1
694861.2565317331,851714.3949251489,1
771121.1998610044,825819.887630052,1
696967.6707107454,860387.6123124758,1
700096.1426618256,855801.17404339,1
694861.2565317331,851714.3949251489,1
583579.1663137644,823899.2890462895,-1
785311.138352709,816596.1918682343,1
688557.8967725907,864224.2052372391,0
775605.7777597766,818560.1720146835,1
775899.3130881671,807308.3743608526,0
694735.4261270919,807531.7149203321,1
718569.1501578562,852359.3646332973,1
763052.8906395268,820440.0651660901,0
700383.7999802248,805168.3067449622,1
686071.5615841119,848256.0804688715,1
721734.5810668652,775947.0078947875,0
726637.7583921812,785681.709792896,0
760370.3777311824,829802.4023222162,1
728511.9475626663,732439.2435836986,1
770198.1030488109,807126.9855809902,0
781673.950691699,806691.3259696916,0
752590.1139105611,837316.6041069973,0
721929.1007616691,774899.1602076791,0
762035.0058156624,823769.1230419581,1
698617.1948287871,795827.3643680905,1
685674.1519076066,847110.8079967042,1
682993.0306290295,846508.8953404789,1
695619.5006969798,811846.9392635511,1
765470.307604978,829594.8967952059,1
793592.7273424536,810906.2129584522,0
702945.9882043833,798228.5675635764,1
768799.3168788112,815641.8940194242,1
769205.2447075803,827482.8680239565,1
771522.5845743841,826845.4405211525,1
703062.0626060385,866332.4268295376,1
770785.6842394196,820692.494986532,1
777088.8004911869,817161.9482145947,1
720974.3064237653,845851.4246409137,0
728462.6615757538,732943.178438569,1
753715.6446156279,819100.2633474539,0
707540.7482623287,809199.5354646211,0
770018.5023497908,826912.5438932393,2
620702.35920624,813449.6884987751,-1
741725.8471477058,824446.2037914561,1
697898.3290460972,861286.7861281566,1
762883.3427304542,831497.3309328884,1
784947.4705160385,819642.8549177508,1
774124.006425386,818142.7864126741,1
715734.1877582596,819501.1241698442,0
764412.8960301492,843745.2491374062,1
694052.5179291951,852319.7762390604,1
691696.2419470377,821019.4234617155,0
700587.3565252421,860080.5448918346,1
738030.0049492932,878905.7860902202,0
726560.0131745234,783510.7917489553,0
767104.1300090244,828113.4678966883,1
745182.4669463194,863341.1769634475,1
684477.804388497,856481.4528232918,0
698207.264908146,798061.2425118281,1
696195.0094677174,846801.4059258307,1
703973.101190966,804236.995427347,1
698656.60242496,851995.1961219959,1
770850.7446756394,826088.5162227451,2
734812.5444052619,833814.0431447267,0
712695.6975761218,781600.8271122952,1
746476.1733328402,821194.8738463445,1
751808.4455648765,827815.6092375347,1
697271.5454349793,813831.8171234695,2
714086.2301304471,849793.0387803472,1
687284.2082163498,864466.0507907376,0
749926.1606892126,862674.4201681919,1
697898.3290460972,861286.7861281566,1
697898.3290460972,861286.7861281566,1
770373.5099932437,826562.9419706318,2
676945.0978870674,793506.7834490509,1
710549.1863742704,781416.4683850175,1
710729.3965403377,780293.0603908094,1
751012.1260421479,830689.60434645,1
707453.0335524768,875770.278301924,0
772978.0252942191,823197.0851392637,1
695896.2654603381,809583.6077855297,1
718365.048694127,738137.9382744727,0
645401.8441935354,870548.3635690038,-1
672300.7325669843,780173.3336069613,0
692391.4696025116,851445.5549335299,1
744472.9157077902,863699.7203781507,1
730669.2843189106,859510.9651170229,0
690039.9400166735,845484.4803177218,1
760496.4767227398,813835.3152798543,0
725654.814088736,769875.5943500476,0
628084.3412365963,787302.9464821506,-1
698024.3964202799,858512.447415186,1
761637.8795784868,851692.355526634,0
698084.859329696,818850.8261862083,1
714152.1847416834,848909.3292861175,1
718689.8992106465,725935.3669491655,0
780611.9222916226,822520.0870522154,1
713337.5209692224,794469.6594070857,0
724639.0913624818,734793.3656784197,1
697229.3997752562,854602.5596039104,1
711514.627450211,849384.3184397968,1
751126.1131066744,866983.1610151082,1
643652.8056185809,837428.7257262713,-1
703794.7833454746,853850.582464011,1
736735.1544084455,827822.4447457267,0
737718.6512185948,733852.3292241574,1
770018.5023497908,826912.5438932393,2
764599.6723705821,813516.8540866617,1
763069.8583368928,828549.9939989928,1
781503.9736302937,813509.5637787408,1
716861.5913736004,876902.102532613,0
714102.4579692587,851367.6370226524,1
702831.2890281113,788749.176286378,1
787576.8876611508,831278.144920271,0
775120.5609157848,826948.2909114299,1
696916.2784021022,854075.6581653609,1
687851.4482259128,867491.8850098278,0
781366.629485253,837238.7187053576,1
729426.3827070772,856461.0932781055,0
697943.5570611567,802694.0235677504,1
744121.4947549435,858346.9086607079,1
741066.579023034,822796.6092575514,1
712941.3073560954,867467.473752901,0
693714.7141899839,854875.2686871105,1
755343.8297828828,851297.3548957263,0
769172.8978528283,829175.919514221,1
699518.331649904,828034.5297432671,0
698611.6801401072,867580.5292265493,1
698877.4602754192,808879.5469999076,1
785378.9860257051,810842.2483523493,1
772392.7374918474,814025.692196966,1
748085.7465504166,839025.2311109375,0
684239.6869533256,788734.19975129,0
772808.8712777453,818911.641399596,1
698068.25988781,813874.1454269396,2
720687.0896598304,845585.3061953814,0
726740.7601257013,733503.36006084,1
735930.5980702296,861545.5324891345,0
747095.5092953432,859953.0880505096,1
756862.4572387874,816683.7037933262,0
743248.1765506981,822988.0198100918,1
746830.4398053295,827338.2604802719,1
760577.2145641359,832732.4353557273,1
691343.9984551596,854653.4117584496,2
762589.5524989183,845665.8547789898,1
735308.8241169956,846918.5938761154,1
783936.8790956713,824219.3138150852,1
747864.1493653775,823079.494378712,1
761620.7415208954,851691.8669957513,0
684332.2786189455,791431.2618840497,0
746563.0550125352,861852.7536627011,1
764717.1851766029,830185.3219045376,1
687499.3566491419,792207.6886171992,0
697562.5713181861,813778.9171791057,2
703498.9926101068,861662.5276738927,1
726397.5038329286,783263.9924664533,0
703861.2907469388,854864.5194237635,1
795050.312885932,797249.0513835996,0
773029.3212711656,824413.6385825679,1
763462.5760664879,843425.9463860911,1
728934.2490221396,729510.9741733267,1
717763.2355942059,835421.5361340111,0
744250.8986990434,864953.6813127792,1
674627.2165764195,788134.8475580098,1
695118.9521812511,813996.0411606099,1
691922.1378428327,784578.6039427564,0
718895.8823844284,725847.603102174,0
712002.0515272716,813212.6486882211,0
777676.7468795162,834591.9022690553,1
698650.7647788585,862757.6488363498,1
776027.5410709452,827148.1305230922,1
679053.9086258612,876991.3496885623,0
778209.0874757213,833253.7563385213,1
682331.2511857233,842978.8950985875,1
792740.1466967497,861788.9885653289,-1
726586.024524288,733788.0797124959,1
773400.9809670197,814134.7100074473,1
698581.0009438631,838896.6418841662,0
743961.4247562629,856468.2631616915,1
783011.5124656768,818444.5625838299,1
698103.8191560514,809440.1315776217,1
759370.1770546882,846538.360730058,1
672503.6680581154,786049.0136825448,1
719033.8202692991,782550.0425553551,0
747518.6819927859,844712.3492314356,0
771607.6746351062,847440.707799992,1
733632.1221461261,733112.5231758287,1
697235.8978721088,814204.8738273552,2
675266.7988186141,798126.2965267781,0
771594.0389120302,824294.2007102595,1
691570.2745602651,849009.9752246073,1
704694.2615675756,803160.1528395875,1
747110.3850495326,823606.6197939784,1
675066.4130370133,790544.5658063315,1
704694.2615675756,803160.1528395875,1
694422.4127541481,849464.9238212776,1
726638.2467211965,735589.1358906883,1
754626.0377647507,824057.366574741,1
752774.4229674645,863022.7031968992,1
697960.1403790248,813093.4691828103,2
765276.295389531,846027.7902385618,1
781394.4893025918,819902.3341408364,1
754917.032085365,831066.8752963571,1
691262.3438101772,854943.6235064762,2
786666.6175451215,824249.3696922216,1
749692.7037780223,868589.6714738796,1
694601.5624388104,814320.9027933534,1
755035.2581624779,858176.8036215461,1
757031.9128000186,831589.3440793306,1
765276.295389531,846027.7902385618,1
691262.3438101772,854943.6235064762,2
699331.4067223422,852021.0583180331,1
670549.6968196355,770577.8840966007,0
723387.5707645399,825560.3297661874,0
682806.089258027,806783.4563971997,0
771475.0621443319,824293.3795580204,1
667982.7291517083,794547.775430881,1
711617.1607316266,781198.5437611153,1
770018.5023497908,826912.5438932393,2
732967.5836472694,733724.017323088,1
594130.2999842159,795421.5422478578,-1
693001.8365832107,845967.9949944293,1
770301.3145927081,824393.6415823118,1
772030.5616045858,853970.8588655563,0
738411.8213347532,732502.4624747897,1
703062.4423761789,792863.5867509658,1
692116.2238370227,848212.8288488815,1
736563.4047804985,850383.4398619652,1
736507.7465951592,851271.7069032892,1
709838.6244938147,809205.4371182657,0
691391.543652829,854695.1048466994,2
744578.60171866,726353.428546549,0
712753.6753022337,770616.8819938458,0
736575.0910483503,849628.8945922436,1
797539.3404864925,818442.048202197,0
667271.6286245219,844145.1504104228,0
693783.4057195894,848232.4282558173,1
777617.3582585164,827671.0278005789,1
766934.9832035118,850118.9986312761,1
765276.295389531,846027.7902385618,1
698266.7505782489,802771.8334980314,1
770304.66973212,823798.0101637017,1
704786.8575252979,826820.4075399471,0
717323.3125280094,850409.5855939608,1
687867.2451965526,797807.074430946,0
689534.5822152222,853565.8132559478,1
718788.162447778,721162.0624035064,0
776330.8286586714,807759.9458539614,0
