"source","source_incident_id","occurred_at","fetched_at","lat","lon","nature","disposition","address","city","geocoded_at","geocode_quality","status","raw","geocode_attempts","geocode_locked_by","geocode_locked_at","last_changed"
"lee_county","21-398016","2021-08-13 16:59:53+00","2026-06-08 12:16:11.191046+00","26.681082600343","-81.668428317106","SHOOTING - OCCUPIED DWELLING","08-REPORT TAKEN","2616 70TH ST W","LEHIGH ACRES","2026-06-08 18:03:16.280195+00","EXACT",,"{""id"":""21-398016"",""city"":""LEHIGH ACRES"",""nature"":""SHOOTING - OCCUPIED DWELLING"",""address"":""2616 70TH ST W"",""disposition"":""08-REPORT TAKEN"",""occuredDate"":""2021-08-13 12:59:53.0000000"",""incidentNumber"":""21-398016""}","0","tolga","2026-06-08 17:04:05.283782+00","2026-06-08 12:16:11.191046+00"
"lee_county","21-491421","2021-10-04 00:37:09+00","2026-06-08 12:16:11.191046+00","26.680774040228","-81.691902989797","DOMESTIC VIOLENCE","08-REPORT TAKEN","3511 70TH ST W","LEHIGH ACRES","2026-06-08 18:03:16.280195+00","EXACT",,"{""id"":""21-491421"",""city"":""LEHIGH ACRES"",""nature"":""DOMESTIC VIOLENCE"",""address"":""3511 70TH ST W"",""disposition"":""08-REPORT TAKEN"",""occuredDate"":""2021-10-03 20:37:09.0000000"",""incidentNumber"":""21-491421""}","0","tolga","2026-06-08 17:04:05.283782+00","2026-06-08 12:16:11.191046+00"
"lee_county","22-075797","2022-02-13 20:37:12+00","2026-06-11 04:34:20.075946+00","26.325749114174","-81.710102831932","DISTURBANCE","05-HANDLED BY DEPUTY","28594 ALESSANDRIA CIR; SAN REMO AT PALMIRA","BONITA SPRINGS","2026-06-11 06:00:09.521001+00","EXACT",,"{""id"":""22-075797"",""city"":""BONITA SPRINGS"",""nature"":""DISTURBANCE"",""address"":""28594 ALESSANDRIA CIR; SAN REMO AT PALMIRA"",""disposition"":""05-HANDLED BY DEPUTY"",""occuredDate"":""2022-02-13 15:37:12.0000000"",""incidentNumber"":""22-075797""}","0","tolga","2026-06-11 05:02:53.208705+00","2026-06-11 04:34:20.075946+00"
"lee_county","20-150511","2020-03-27 16:52:44+00","2026-06-11 04:19:05.158376+00","26.535483572509","-81.607264166772","HARASSMENT","05-HANDLED BY DEPUTY","741 ALEE ST E","LEHIGH ACRES","2026-06-11 06:00:09.521001+00","EXACT",,"{""id"":""20-150511"",""city"":""LEHIGH ACRES"",""nature"":""HARASSMENT"",""address"":""741 ALEE ST E"",""disposition"":""05-HANDLED BY DEPUTY"",""occuredDate"":""2020-03-27 12:52:44.0000000"",""incidentNumber"":""20-150511""}","0","tolga","2026-06-11 05:02:53.208705+00","2026-06-11 04:19:05.158376+00"
"lee_county","18-376924","2018-08-13 05:09:06+00","2026-06-11 04:34:20.075946+00","26.325336560818","-81.707401831034","DISTURBANCE","10-GONE ON ARRIVAL","28731 ALESSANDRIA CIR","BONITA SPRINGS","2026-06-11 06:00:09.521001+00","EXACT",,"{""id"":""18-376924"",""city"":""BONITA SPRINGS"",""nature"":""DISTURBANCE"",""address"":""28731 ALESSANDRIA CIR"",""disposition"":""10-GONE ON ARRIVAL"",""occuredDate"":""2018-08-13 01:09:06.0000000"",""incidentNumber"":""18-376924""}","0","tolga","2026-06-11 05:02:53.208705+00","2026-06-11 04:34:20.075946+00"
"lee_county","25-484285","2025-09-12 21:32:12+00","2026-06-08 22:00:23.683404+00","26.634257170991","-81.995901580252","RECOVER VEHICLE","08-REPORT TAKEN","906 SW 9TH CT","CAPE CORAL","2026-06-09 01:00:17.314898+00","EXACT",,"{""id"":""25-484285"",""city"":""CAPE CORAL"",""nature"":""RECOVER VEHICLE"",""address"":""906 SW 9TH CT"",""disposition"":""08-REPORT TAKEN"",""occuredDate"":""2025-09-12 17:32:12.0000000"",""incidentNumber"":""25-484285""}","0","tolga","2026-06-09 00:04:07.257969+00","2026-06-08 22:00:23.683404+00"
"lee_county","24-661779","2024-12-29 18:56:20+00","2026-06-08 22:00:23.683404+00","26.657188225886","-81.955337537472","DISTURBANCE","07C-TURNED OVER TO CCPD","225 NE 9TH CT","CAPE CORAL","2026-06-09 01:00:17.314898+00","EXACT",,"{""id"":""24-661779"",""city"":""CAPE CORAL"",""nature"":""DISTURBANCE"",""address"":""225 NE 9TH CT"",""disposition"":""07C-TURNED OVER TO CCPD"",""occuredDate"":""2024-12-29 13:56:20.0000000"",""incidentNumber"":""24-661779""}","0","tolga","2026-06-09 00:04:07.257969+00","2026-06-08 22:00:23.683404+00"
"lee_county","25-629766","2025-12-03 14:04:48+00","2026-06-11 04:19:05.158376+00","26.535483045003","-81.60732280803","DISTURBANCE","05-HANDLED BY DEPUTY","739 ALEE ST E","LEHIGH ACRES","2026-06-11 06:00:09.521001+00","EXACT",,"{""id"":""25-629766"",""city"":""LEHIGH ACRES"",""nature"":""DISTURBANCE"",""address"":""739 ALEE ST E"",""disposition"":""05-HANDLED BY DEPUTY"",""occuredDate"":""2025-12-03 09:04:48.0000000"",""incidentNumber"":""25-629766""}","0","tolga","2026-06-11 05:02:53.208705+00","2026-06-11 04:19:05.158376+00"
"lee_county","15-387453","2015-09-11 17:12:53+00","2026-06-08 12:00:55.426794+00","26.682943686166","-81.680022862091","STOLEN LICENSE PLATE/DECAL","15-WRITTEN DOCUMENTATION NON UCR","3104 72ND ST W","LEHIGH ACRES","2026-06-08 21:02:26.037463+00","EXACT",,"{""id"":""15-387453"",""city"":""LEHIGH ACRES"",""nature"":""STOLEN LICENSE PLATE/DECAL"",""address"":""3104 72ND ST W"",""disposition"":""15-WRITTEN DOCUMENTATION NON UCR"",""occuredDate"":""2015-09-11 13:12:53.0000000"",""incidentNumber"":""15-387453""}","0","tolga","2026-06-08 20:00:22.690015+00","2026-06-08 12:00:55.426794+00"
"lee_county","21-427722","2021-08-30 15:45:54+00","2026-06-11 04:34:20.075946+00","26.329148361188","-81.710720247495","DISTURBANCE","11-CONDITION CORRECTED","29112 ALESSANDRIA CIR; SAN REMO AT PALMIRA","BONITA SPRINGS","2026-06-11 06:00:09.521001+00","EXACT",,"{""id"":""21-427722"",""city"":""BONITA SPRINGS"",""nature"":""DISTURBANCE"",""address"":""29112 ALESSANDRIA CIR; SAN REMO AT PALMIRA"",""disposition"":""11-CONDITION CORRECTED"",""occuredDate"":""2021-08-30 11:45:54.0000000"",""incidentNumber"":""21-427722""}","0","tolga","2026-06-11 05:02:53.208705+00","2026-06-11 04:34:20.075946+00"
"lee_county","17-095498","2017-03-01 20:27:53+00","2026-06-08 12:00:55.426794+00","26.682680141075","-81.686657283091","SHOTS FIRED/HEARD","10-GONE ON ARRIVAL","3313 72ND ST W","LEHIGH ACRES","2026-06-08 20:00:22.370717+00","EXACT",,"{""id"":""17-095498"",""city"":""LEHIGH ACRES"",""nature"":""SHOTS FIRED/HEARD"",""address"":""3313 72ND ST W"",""disposition"":""10-GONE ON ARRIVAL"",""occuredDate"":""2017-03-01 15:27:53.0000000"",""incidentNumber"":""17-095498""}","0","tolga","2026-06-08 19:01:27.065506+00","2026-06-08 12:00:55.426794+00"
"lee_county","17-204981","2017-05-08 03:21:08+00","2026-06-11 04:34:20.075946+00","26.329111558326","-81.710741994642","DISTURBANCE","03-TRESSPASS WARNING ISSUED","29116 ALESSANDRIA CIR ; ENTRY GATE","BONITA SPRINGS","2026-06-11 06:00:09.521001+00","EXACT",,"{""id"":""17-204981"",""city"":""BONITA SPRINGS"",""nature"":""DISTURBANCE"",""address"":""29116 ALESSANDRIA CIR ; ENTRY GATE"",""disposition"":""03-TRESSPASS WARNING ISSUED"",""occuredDate"":""2017-05-07 23:21:08.0000000"",""incidentNumber"":""17-204981""}","0","tolga","2026-06-11 05:02:53.208705+00","2026-06-11 04:34:20.075946+00"
"lee_county","15-490589","2015-11-14 19:16:44+00","2026-06-08 12:00:55.426794+00","26.682659880881","-81.692033131233","BURGLARY - RESIDENCE","08-REPORT TAKEN","3514 72ND ST W","LEHIGH ACRES","2026-06-08 20:00:22.370717+00","EXACT",,"{""id"":""15-490589"",""city"":""LEHIGH ACRES"",""nature"":""BURGLARY - RESIDENCE"",""address"":""3514 72ND ST W"",""disposition"":""08-REPORT TAKEN"",""occuredDate"":""2015-11-14 14:16:44.0000000"",""incidentNumber"":""15-490589""}","0","tolga","2026-06-08 19:01:27.065506+00","2026-06-08 12:00:55.426794+00"
"lee_county","16-286612","2016-06-21 23:57:35+00","2026-06-08 12:00:55.426794+00","26.68274487406","-81.673184790422","DISTURBANCE","05-HANDLED BY DEPUTY","2804 72ND ST W","LEHIGH ACRES","2026-06-08 20:00:22.370717+00","EXACT",,"{""id"":""16-286612"",""city"":""LEHIGH ACRES"",""nature"":""DISTURBANCE"",""address"":""2804 72ND ST W"",""disposition"":""05-HANDLED BY DEPUTY"",""occuredDate"":""2016-06-21 19:57:35.0000000"",""incidentNumber"":""16-286612""}","0","tolga","2026-06-08 19:01:27.065506+00","2026-06-08 12:00:55.426794+00"
"lee_county","15-340686","2015-08-13 02:19:05+00","2026-06-08 12:00:55.426794+00","26.68274487406","-81.673184790422","DISTURBANCE","08-REPORT TAKEN","2804 72ND ST W","LEHIGH ACRES","2026-06-08 21:02:26.037463+00","EXACT",,"{""id"":""15-340686"",""city"":""LEHIGH ACRES"",""nature"":""DISTURBANCE"",""address"":""2804 72ND ST W"",""disposition"":""08-REPORT TAKEN"",""occuredDate"":""2015-08-12 22:19:05.0000000"",""incidentNumber"":""15-340686""}","0","tolga","2026-06-08 20:00:22.690015+00","2026-06-08 12:00:55.426794+00"
"lee_county","15-338788","2015-08-12 04:39:05+00","2026-06-08 12:00:55.426794+00","26.682685435149","-81.686404931941","DISTURBANCE","05-HANDLED BY DEPUTY","3303 72ND ST W","LEHIGH ACRES","2026-06-08 21:02:26.037463+00","EXACT",,"{""id"":""15-338788"",""city"":""LEHIGH ACRES"",""nature"":""DISTURBANCE"",""address"":""3303 72ND ST W"",""disposition"":""05-HANDLED BY DEPUTY"",""occuredDate"":""2015-08-12 00:39:05.0000000"",""incidentNumber"":""15-338788""}","0","tolga","2026-06-08 20:00:22.690015+00","2026-06-08 12:00:55.426794+00"
"lee_county","15-329897","2015-08-06 17:11:44+00","2026-06-08 12:00:55.426794+00","26.682943686166","-81.680022862091","BURGLARY - RESIDENCE","08-REPORT TAKEN","3104 72ND ST W","LEHIGH ACRES","2026-06-08 21:02:26.037463+00","EXACT",,"{""id"":""15-329897"",""city"":""LEHIGH ACRES"",""nature"":""BURGLARY - RESIDENCE"",""address"":""3104 72ND ST W"",""disposition"":""08-REPORT TAKEN"",""occuredDate"":""2015-08-06 13:11:44.0000000"",""incidentNumber"":""15-329897""}","0","tolga","2026-06-08 20:00:22.690015+00","2026-06-08 12:00:55.426794+00"
"lee_county","18-310836","2018-07-04 23:50:04+00","2026-06-11 04:34:20.075946+00","26.324800503922","-81.70948656831","DISTURBANCE","05-HANDLED BY DEPUTY","28647 ALESSANDRIA CIR","BONITA SPRINGS","2026-06-11 06:00:09.521001+00","EXACT",,"{""id"":""18-310836"",""city"":""BONITA SPRINGS"",""nature"":""DISTURBANCE"",""address"":""28647 ALESSANDRIA CIR"",""disposition"":""05-HANDLED BY DEPUTY"",""occuredDate"":""2018-07-04 19:50:04.0000000"",""incidentNumber"":""18-310836""}","0","tolga","2026-06-11 05:02:53.208705+00","2026-06-11 04:34:20.075946+00"
"lee_county","19-519268","2019-11-03 03:04:57+00","2026-06-11 04:34:20.075946+00","26.324816803539","-81.70847560585","DISTURBANCE","10-GONE ON ARRIVAL","28683 ALESSANDRIA CIR","BONITA SPRINGS","2026-06-11 06:00:09.521001+00","EXACT",,"{""id"":""19-519268"",""city"":""BONITA SPRINGS"",""nature"":""DISTURBANCE"",""address"":""28683 ALESSANDRIA CIR"",""disposition"":""10-GONE ON ARRIVAL"",""occuredDate"":""2019-11-02 23:04:57.0000000"",""incidentNumber"":""19-519268""}","0","tolga","2026-06-11 05:02:53.208705+00","2026-06-11 04:34:20.075946+00"
"lee_county","21-372762","2021-07-29 22:09:12+00","2026-06-11 04:49:35.554493+00","26.701015119747","-81.924971790425","DISTURBANCE","11-CONDITION CORRECTED","NE 24TH AVE & ALENA CT","NORTH FORT MYER","2026-06-11 06:00:09.521001+00","EXACT",,"{""id"":""21-372762"",""city"":""NORTH FORT MYER"",""nature"":""DISTURBANCE"",""address"":""NE 24TH AVE & ALENA CT"",""disposition"":""11-CONDITION CORRECTED"",""occuredDate"":""2021-07-29 18:09:12.0000000"",""incidentNumber"":""21-372762""}","0","tolga","2026-06-11 05:02:53.208705+00","2026-06-11 04:49:35.554493+00"
"lee_county","17-411251","2017-09-11 23:01:52+00","2026-06-08 12:00:55.426794+00","26.682738309264","-81.684052827835","SHOTS FIRED/HEARD","05-HANDLED BY DEPUTY","3205 72ND ST W ; IMPASSABLE","LEHIGH ACRES","2026-06-08 20:00:22.370717+00","EXACT",,"{""id"":""17-411251"",""city"":""LEHIGH ACRES"",""nature"":""SHOTS FIRED/HEARD"",""address"":""3205 72ND ST W ; IMPASSABLE"",""disposition"":""05-HANDLED BY DEPUTY"",""occuredDate"":""2017-09-11 19:01:52.0000000"",""incidentNumber"":""17-411251""}","0","tolga","2026-06-08 19:01:27.065506+00","2026-06-08 12:00:55.426794+00"
"lee_county","26-016993","2026-01-10 03:27:45+00","2026-06-11 04:34:20.075946+00","26.3295163","-81.7104376","ANIMAL","05-HANDLED BY DEPUTY","ALESSANDRIA CIR / BOCCACCIO WAY","BONITA SPRINGS","2026-06-11 06:00:09.521001+00","overpass:intersection",,"{""id"":""26-016993"",""city"":""BONITA SPRINGS"",""nature"":""ANIMAL"",""address"":""ALESSANDRIA CIR / BOCCACCIO WAY"",""disposition"":""05-HANDLED BY DEPUTY"",""occuredDate"":""2026-01-09 22:27:45.0000000"",""incidentNumber"":""26-016993""}","0","tolga","2026-06-11 05:02:53.208705+00","2026-06-11 04:34:20.075946+00"
"lee_county","26-306210","2026-06-08 00:25:40+00","2026-06-11 04:53:21.621576+00","26.34389878268","-81.760315391383","HARASSMENT","15-WRITTEN DOCUMENTATION NON UCR","27173 ELAINE DR","BONITA SPRINGS","2026-06-11 06:00:09.521001+00","EXACT",,"{""id"":""26-306210"",""city"":""BONITA SPRINGS"",""nature"":""HARASSMENT"",""address"":""27173 ELAINE DR"",""disposition"":""15-WRITTEN DOCUMENTATION NON UCR"",""occuredDate"":""2026-06-07 20:25:40.0000000"",""incidentNumber"":""26-306210""}","0","tolga","2026-06-11 05:02:53.208705+00","2026-06-11 04:53:21.621576+00"
"lee_county","17-307408","2017-07-10 04:13:58+00","2026-06-11 04:34:20.075946+00","26.324832529567","-81.708990267899","DOMESTIC VIOLENCE","15-WRITTEN DOCUMENTATION NON UCR","28665 ALESSANDRIA CIR","BONITA SPRINGS","2026-06-11 06:00:09.521001+00","EXACT",,"{""id"":""17-307408"",""city"":""BONITA SPRINGS"",""nature"":""DOMESTIC VIOLENCE"",""address"":""28665 ALESSANDRIA CIR"",""disposition"":""15-WRITTEN DOCUMENTATION NON UCR"",""occuredDate"":""2017-07-10 00:13:58.0000000"",""incidentNumber"":""17-307408""}","0","tolga","2026-06-11 05:02:53.208705+00","2026-06-11 04:34:20.075946+00"
"lee_county","26-306267","2026-06-08 01:27:39+00","2026-06-11 04:53:21.621576+00","26.666183038984","-81.665041732104","DISTURBANCE","05-HANDLED BY DEPUTY","2513 55TH ST W","LEHIGH ACRES","2026-06-11 06:00:09.521001+00","EXACT",,"{""id"":""26-306267"",""city"":""LEHIGH ACRES"",""nature"":""DISTURBANCE"",""address"":""2513 55TH ST W"",""disposition"":""05-HANDLED BY DEPUTY"",""occuredDate"":""2026-06-07 21:27:39.0000000"",""incidentNumber"":""26-306267""}","0","tolga","2026-06-11 05:02:53.208705+00","2026-06-11 04:53:21.621576+00"
"lee_county","16-160977","2016-04-04 19:51:51+00","2026-06-08 12:00:55.426794+00","26.682511414158","-81.678003201862","DISTURBANCE","11-CONDITION CORRECTED","3013 72ND ST W","LEHIGH ACRES","2026-06-08 20:00:22.370717+00","EXACT",,"{""id"":""16-160977"",""city"":""LEHIGH ACRES"",""nature"":""DISTURBANCE"",""address"":""3013 72ND ST W"",""disposition"":""11-CONDITION CORRECTED"",""occuredDate"":""2016-04-04 15:51:51.0000000"",""incidentNumber"":""16-160977""}","0","tolga","2026-06-08 19:01:27.065506+00","2026-06-08 12:00:55.426794+00"
"lee_county","22-205500","2022-04-29 01:01:00+00","2026-06-11 04:19:05.158376+00","26.535368986919","-81.607262878997","DOMESTIC VIOLENCE","08-REPORT TAKEN","740 ALEE ST E","LEHIGH ACRES","2026-06-11 06:00:09.521001+00","EXACT",,"{""id"":""22-205500"",""city"":""LEHIGH ACRES"",""nature"":""DOMESTIC VIOLENCE"",""address"":""740 ALEE ST E"",""disposition"":""08-REPORT TAKEN"",""occuredDate"":""2022-04-28 21:01:00.0000000"",""incidentNumber"":""22-205500""}","0","tolga","2026-06-11 05:02:53.208705+00","2026-06-11 04:19:05.158376+00"
"lee_county","22-001776","2022-01-02 16:57:29+00","2026-06-10 04:03:11.247168+00","26.550070306058","-81.898671175351","DISTURBANCE","05-HANDLED BY DEPUTY","6445 ADELPHI CIR; PRINCIPIA","FORT MYERS","2026-06-10 07:04:26.23079+00","EXACT",,"{""id"":""22-001776"",""city"":""FORT MYERS"",""nature"":""DISTURBANCE"",""address"":""6445 ADELPHI CIR; PRINCIPIA"",""disposition"":""05-HANDLED BY DEPUTY"",""occuredDate"":""2022-01-02 11:57:29.0000000"",""incidentNumber"":""22-001776""}","0","tolga","2026-06-10 06:00:32.577592+00","2026-06-10 04:03:11.247168+00"
"lee_county","23-211269","2023-05-15 18:28:18+00","2026-06-10 04:03:11.247168+00","26.550070306058","-81.898671175351","DISTURBANCE","05-HANDLED BY DEPUTY","6445 ADELPHI CIR","FORT MYERS","2026-06-10 07:04:26.23079+00","EXACT",,"{""id"":""23-211269"",""city"":""FORT MYERS"",""nature"":""DISTURBANCE"",""address"":""6445 ADELPHI CIR"",""disposition"":""05-HANDLED BY DEPUTY"",""occuredDate"":""2023-05-15 14:28:18.0000000"",""incidentNumber"":""23-211269""}","0","tolga","2026-06-10 06:00:32.577592+00","2026-06-10 04:03:11.247168+00"
"lee_county","15-191534","2015-05-08 15:28:52+00","2026-06-08 12:00:55.426794+00","26.682625101368","-81.673414617835","DOMESTIC VIOLENCE","08-REPORT TAKEN","2815 72ND ST W","LEHIGH ACRES","2026-06-08 21:02:26.037463+00","EXACT",,"{""id"":""15-191534"",""city"":""LEHIGH ACRES"",""nature"":""DOMESTIC VIOLENCE"",""address"":""2815 72ND ST W"",""disposition"":""08-REPORT TAKEN"",""occuredDate"":""2015-05-08 11:28:52.0000000"",""incidentNumber"":""15-191534""}","0","tolga","2026-06-08 20:00:22.690015+00","2026-06-08 12:00:55.426794+00"
"lee_county","15-182473","2015-05-02 14:30:47+00","2026-06-08 12:00:55.426794+00","26.682745204956","-81.668315849703","SHOTS FIRED/HEARD","10-GONE ON ARRIVAL","2609 72ND ST W","LEHIGH ACRES","2026-06-08 21:02:26.037463+00","EXACT",,"{""id"":""15-182473"",""city"":""LEHIGH ACRES"",""nature"":""SHOTS FIRED/HEARD"",""address"":""2609 72ND ST W"",""disposition"":""10-GONE ON ARRIVAL"",""occuredDate"":""2015-05-02 10:30:47.0000000"",""incidentNumber"":""15-182473""}","0","tolga","2026-06-08 20:00:22.690015+00","2026-06-08 12:00:55.426794+00"
"lee_county","15-151943","2015-04-12 13:39:24+00","2026-06-08 12:00:55.426794+00","26.68274487406","-81.673184790422","DISTURBANCE","05-HANDLED BY DEPUTY","2804 72ND ST W","LEHIGH ACRES","2026-06-08 21:02:26.037463+00","EXACT",,"{""id"":""15-151943"",""city"":""LEHIGH ACRES"",""nature"":""DISTURBANCE"",""address"":""2804 72ND ST W"",""disposition"":""05-HANDLED BY DEPUTY"",""occuredDate"":""2015-04-12 09:39:24.0000000"",""incidentNumber"":""15-151943""}","0","tolga","2026-06-08 20:00:22.690015+00","2026-06-08 12:00:55.426794+00"
"lee_county","17-055951","2017-02-05 22:27:04+00","2026-06-07 15:22:39.094179+00","26.574920058338","-81.672560262655","DISTURBANCE","11-CONDITION CORRECTED","2905 42ND ST SW","LEHIGH ACRES","2026-06-07 20:01:07.680599+00","EXACT",,"{""id"":""17-055951"",""city"":""LEHIGH ACRES"",""nature"":""DISTURBANCE"",""address"":""2905 42ND ST SW"",""disposition"":""11-CONDITION CORRECTED"",""occuredDate"":""2017-02-05 17:27:04.0000000"",""incidentNumber"":""17-055951""}","0","tolga","2026-06-07 19:00:12.259851+00","2026-06-07 15:22:39.094179+00"
"lee_county","16-587818","2017-01-01 02:59:37+00","2026-06-07 15:22:39.094179+00","26.574926792333","-81.685989282125","SHOTS FIRED/HEARD","05-HANDLED BY DEPUTY","3402 42ND ST SW","LEHIGH ACRES","2026-06-07 20:01:07.680599+00","EXACT",,"{""id"":""16-587818"",""city"":""LEHIGH ACRES"",""nature"":""SHOTS FIRED/HEARD"",""address"":""3402 42ND ST SW"",""disposition"":""05-HANDLED BY DEPUTY"",""occuredDate"":""2016-12-31 21:59:37.0000000"",""incidentNumber"":""16-587818""}","0","tolga","2026-06-07 19:00:12.259851+00","2026-06-07 15:22:39.094179+00"
"lee_county","16-493299","2016-10-30 00:41:10+00","2026-06-07 15:22:39.094179+00","26.574920058338","-81.672560262655","DISTURBANCE","08-REPORT TAKEN","2905 42ND ST SW","LEHIGH ACRES","2026-06-07 20:01:07.680599+00","EXACT",,"{""id"":""16-493299"",""city"":""LEHIGH ACRES"",""nature"":""DISTURBANCE"",""address"":""2905 42ND ST SW"",""disposition"":""08-REPORT TAKEN"",""occuredDate"":""2016-10-29 20:41:10.0000000"",""incidentNumber"":""16-493299""}","0","tolga","2026-06-07 19:00:12.259851+00","2026-06-07 15:22:39.094179+00"
"lee_county","24-257341","2024-05-26 03:15:17+00","2026-06-11 04:34:20.075946+00","26.324828258534","-81.708586719275","SHOTS FIRED","05-HANDLED BY DEPUTY","28679 ALESSANDRIA CIR","","2026-06-11 06:00:09.521001+00","EXACT",,"{""id"":""24-257341"",""city"":"""",""nature"":""SHOTS FIRED"",""address"":""28679 ALESSANDRIA CIR"",""disposition"":""05-HANDLED BY DEPUTY"",""occuredDate"":""2024-05-25 23:15:17.0000000"",""incidentNumber"":""24-257341""}","0","tolga","2026-06-11 05:02:53.208705+00","2026-06-11 04:34:20.075946+00"
"lee_county","24-104138","2024-03-01 00:20:30+00","2026-06-11 04:34:20.075946+00","26.324735832097","-81.708009960966","ANIMAL","07-TURNED OVER TO OTHER AGENCY","28698 ALESSANDRIA CIR","BONITA SPRINGS","2026-06-11 06:00:09.521001+00","EXACT",,"{""id"":""24-104138"",""city"":""BONITA SPRINGS"",""nature"":""ANIMAL"",""address"":""28698 ALESSANDRIA CIR"",""disposition"":""07-TURNED OVER TO OTHER AGENCY"",""occuredDate"":""2024-02-29 19:20:30.0000000"",""incidentNumber"":""24-104138""}","0","tolga","2026-06-11 05:02:53.208705+00","2026-06-11 04:34:20.075946+00"
"lee_county","26-236447","2026-05-03 18:58:03+00","2026-06-11 04:34:20.075946+00","26.324721912532","-81.708929058619","DISTURBANCE","05-HANDLED BY DEPUTY","28666 ALESSANDRIA CIR","BONITA SPRINGS","2026-06-11 06:00:09.521001+00","EXACT",,"{""id"":""26-236447"",""city"":""BONITA SPRINGS"",""nature"":""DISTURBANCE"",""address"":""28666 ALESSANDRIA CIR"",""disposition"":""05-HANDLED BY DEPUTY"",""occuredDate"":""2026-05-03 14:58:03.0000000"",""incidentNumber"":""26-236447""}","0","tolga","2026-06-11 05:02:53.208705+00","2026-06-11 04:34:20.075946+00"
"lee_county","21-324882","2021-07-02 12:31:02+00","2026-06-11 04:34:20.075946+00","26.325336560818","-81.707401831034","DISTURBANCE","05-HANDLED BY DEPUTY","28731 ALESSANDRIA CIR; SAN REMO AT PALMIRA","BONITA SPRINGS","2026-06-11 06:00:09.521001+00","EXACT",,"{""id"":""21-324882"",""city"":""BONITA SPRINGS"",""nature"":""DISTURBANCE"",""address"":""28731 ALESSANDRIA CIR; SAN REMO AT PALMIRA"",""disposition"":""05-HANDLED BY DEPUTY"",""occuredDate"":""2021-07-02 08:31:02.0000000"",""incidentNumber"":""21-324882""}","0","tolga","2026-06-11 05:02:53.208705+00","2026-06-11 04:34:20.075946+00"
"lee_county","24-137445","2024-03-19 19:43:36+00","2026-06-11 04:34:20.075946+00","26.331111333568","-81.709829135216","DISTURBANCE","05-HANDLED BY DEPUTY","29037 ALESSANDRIA CIR","","2026-06-11 06:00:09.521001+00","EXACT",,"{""id"":""24-137445"",""city"":"""",""nature"":""DISTURBANCE"",""address"":""29037 ALESSANDRIA CIR"",""disposition"":""05-HANDLED BY DEPUTY"",""occuredDate"":""2024-03-19 15:43:36.0000000"",""incidentNumber"":""24-137445""}","0","tolga","2026-06-11 05:02:53.208705+00","2026-06-11 04:34:20.075946+00"
"lee_county","17-277777","2017-06-22 07:49:24+00","2026-06-11 04:34:20.075946+00","26.329497988378","-81.710513649606","DISTURBANCE","11-CONDITION CORRECTED","29074 ALESSANDRIA CIR","BONITA SPRINGS","2026-06-11 06:00:09.521001+00","EXACT",,"{""id"":""17-277777"",""city"":""BONITA SPRINGS"",""nature"":""DISTURBANCE"",""address"":""29074 ALESSANDRIA CIR"",""disposition"":""11-CONDITION CORRECTED"",""occuredDate"":""2017-06-22 03:49:24.0000000"",""incidentNumber"":""17-277777""}","0","tolga","2026-06-11 05:02:53.208705+00","2026-06-11 04:34:20.075946+00"
"lee_county","21-074589","2021-02-15 03:55:14+00","2026-06-11 04:34:20.075946+00","26.324816803539","-81.70847560585","HARASSMENT","05-HANDLED BY DEPUTY","28683 ALESSANDRIA CIR; SAN REMO AT PALMIRA","BONITA SPRINGS","2026-06-11 06:00:09.521001+00","EXACT",,"{""id"":""21-074589"",""city"":""BONITA SPRINGS"",""nature"":""HARASSMENT"",""address"":""28683 ALESSANDRIA CIR; SAN REMO AT PALMIRA"",""disposition"":""05-HANDLED BY DEPUTY"",""occuredDate"":""2021-02-14 22:55:14.0000000"",""incidentNumber"":""21-074589""}","0","tolga","2026-06-11 05:02:53.208705+00","2026-06-11 04:34:20.075946+00"
"lee_county","18-089063","2018-02-22 20:16:02+00","2026-06-11 04:34:20.075946+00","26.324799621046","-81.708308935713","STOLEN LICENSE PLATE/DECAL","15-WRITTEN DOCUMENTATION NON UCR","28689 ALESSANDRIA CIR","BONITA SPRINGS","2026-06-11 06:00:09.521001+00","EXACT",,"{""id"":""18-089063"",""city"":""BONITA SPRINGS"",""nature"":""STOLEN LICENSE PLATE/DECAL"",""address"":""28689 ALESSANDRIA CIR"",""disposition"":""15-WRITTEN DOCUMENTATION NON UCR"",""occuredDate"":""2018-02-22 15:16:02.0000000"",""incidentNumber"":""18-089063""}","0","tolga","2026-06-11 05:02:53.208705+00","2026-06-11 04:34:20.075946+00"
"lee_county","21-484909","2021-09-30 04:17:36+00","2026-06-08 12:16:11.191046+00","26.6809383","-81.6875495","RECOVER STOLEN PROP","05-HANDLED BY DEPUTY","3009 70TH ST W","LEHIGH ACRES","2026-06-08 18:03:16.280195+00","nominatim:residential",,"{""id"":""21-484909"",""city"":""LEHIGH ACRES"",""nature"":""RECOVER STOLEN PROP"",""address"":""3009 70TH ST W"",""disposition"":""05-HANDLED BY DEPUTY"",""occuredDate"":""2021-09-30 00:17:36.0000000"",""incidentNumber"":""21-484909""}","0","tolga","2026-06-08 17:04:05.283782+00","2026-06-08 12:16:11.191046+00"
"lee_county","21-378600","2021-08-02 18:24:28+00","2026-06-08 12:16:11.191046+00","26.681089899154","-81.668106560886","ANIMAL","08-REPORT TAKEN","2602 70TH ST W","LEHIGH ACRES","2026-06-08 18:03:16.280195+00","EXACT",,"{""id"":""21-378600"",""city"":""LEHIGH ACRES"",""nature"":""ANIMAL"",""address"":""2602 70TH ST W"",""disposition"":""08-REPORT TAKEN"",""occuredDate"":""2021-08-02 14:24:28.0000000"",""incidentNumber"":""21-378600""}","0","tolga","2026-06-08 17:04:05.283782+00","2026-06-08 12:16:11.191046+00"
"lee_county","23-365800","2023-08-21 16:35:32+00","2026-06-08 12:16:11.191046+00","26.680953761961","-81.689329627002","ANIMAL","05-HANDLED BY DEPUTY","3418 70TH ST W","LEHIGH ACRES","2026-06-08 16:03:52.881146+00","EXACT",,"{""id"":""23-365800"",""city"":""LEHIGH ACRES"",""nature"":""ANIMAL"",""address"":""3418 70TH ST W"",""disposition"":""05-HANDLED BY DEPUTY"",""occuredDate"":""2023-08-21 12:35:32.0000000"",""incidentNumber"":""23-365800""}","0","tolga","2026-06-08 15:01:08.757992+00","2026-06-08 12:16:11.191046+00"
"lee_county","23-305940","2023-07-14 14:46:40+00","2026-06-08 12:16:11.191046+00","26.680953761961","-81.689329627002","DISTURBANCE","10-GONE ON ARRIVAL","3418 70TH ST W","LEHIGH ACRES","2026-06-08 16:03:52.881146+00","EXACT",,"{""id"":""23-305940"",""city"":""LEHIGH ACRES"",""nature"":""DISTURBANCE"",""address"":""3418 70TH ST W"",""disposition"":""10-GONE ON ARRIVAL"",""occuredDate"":""2023-07-14 10:46:40.0000000"",""incidentNumber"":""23-305940""}","0","tolga","2026-06-08 15:01:08.757992+00","2026-06-08 12:16:11.191046+00"
"lee_county","23-089963","2023-02-28 17:15:00+00","2026-06-08 12:16:11.191046+00","26.6811298968","-81.681866967339","BURGLARY - RESD","08-REPORT TAKEN","3114 70TH ST W","LEHIGH ACRES","2026-06-08 17:04:05.159168+00","EXACT",,"{""id"":""23-089963"",""city"":""LEHIGH ACRES"",""nature"":""BURGLARY - RESD"",""address"":""3114 70TH ST W"",""disposition"":""08-REPORT TAKEN"",""occuredDate"":""2023-02-28 12:15:00.0000000"",""incidentNumber"":""23-089963""}","0","tolga","2026-06-08 16:03:53.063515+00","2026-06-08 12:16:11.191046+00"
"lee_county","23-221034","2023-05-22 02:58:50+00","2026-06-08 12:16:11.191046+00","26.681073582225","-81.66390648198","DISTURBANCE","05-HANDLED BY DEPUTY","2507 70TH ST W","LEHIGH ACRES","2026-06-08 17:04:05.159168+00","EXACT",,"{""id"":""23-221034"",""city"":""LEHIGH ACRES"",""nature"":""DISTURBANCE"",""address"":""2507 70TH ST W"",""disposition"":""05-HANDLED BY DEPUTY"",""occuredDate"":""2023-05-21 22:58:50.0000000"",""incidentNumber"":""23-221034""}","0","tolga","2026-06-08 16:03:53.063515+00","2026-06-08 12:16:11.191046+00"
"lee_county","22-339681","2022-08-02 19:11:00+00","2026-06-08 12:16:11.191046+00","26.681075694596","-81.68418307427","GRAND THEFT","08-REPORT TAKEN","3212 70TH ST W","LEHIGH ACRES","2026-06-08 17:04:05.159168+00","EXACT",,"{""id"":""22-339681"",""city"":""LEHIGH ACRES"",""nature"":""GRAND THEFT"",""address"":""3212 70TH ST W"",""disposition"":""08-REPORT TAKEN"",""occuredDate"":""2022-08-02 15:11:00.0000000"",""incidentNumber"":""22-339681""}","0","tolga","2026-06-08 16:03:53.063515+00","2026-06-08 12:16:11.191046+00"